PDB,interface,dG_est
10GS,A:B,-10.28179955
12E8,H:L,-18.64534209
15C8,H:L,-20.28632912
1A0Q,H:L,-15.60329736
1A22,A:B,-13.49919226
1A28,A:B,-9.026921661
1A2K,C:AB,-9.020630321
1A2Y,AB:C,-11.66206524
1A2Y,B:A,-13.34766154
1A3L,H:L,-19.13219482
1A3R,LH:P,-11.6064477
1A3R,H:L,-20.25930657
1A4I,A:B,-9.587888463
1A4J,H:L,-15.21051968
1A4P,A:B,-11.445972
1A4R,A:B,-8.506027737
1A4Y,B:A,-13.73835661
1A52,A:B,-12.88245111
1A6T,B:A,-21.18046263
1A7A,A:B,-16.10147357
1A7X,A:B,-8.447046162
1A8J,L:H,-22.16482939
1AAP,A:B,-9.063903562
1ABJ,L:H,-13.14719511
1ACB,E:I,-12.03353631
1ACY,LH:P,-10.64957552
1ACY,H:L,-16.63022465
1AD0,B:A,-19.4931318
1AD5,A:B,-9.461018485
1AD9,H:L,-19.73130202
1AE6,H:L,-18.48278699
1AGW,A:B,-10.21533221
1AHW,AB:C,-12.36189759
1AJ7,H:L,-19.30144408
1AJ9,A:B,-11.77772798
1AK4,A:D,-8.845688169
1AKJ,AB:DE,-9.186888205
1AN1,E:I,-10.73137103
1ANT,L:I,-10.86285114
1ANW,A:B,-8.890674012
1AO3,A:B,-11.10461715
1AO6,A:B,-7.829016396
1AOS,A:B,-8.485880837
1AOX,A:B,-11.64040188
1AP2,B:A,-13.06912018
1AP5,A:B,-11.37078835
1APM,E:I,-11.62433536
1AQK,L:H,-20.41855132
1AS4,A:B,-11.69487094
1ATN,A:D,-9.811223478
1AU1,A:B,-10.13630368
1AUE,A:B,-9.018373214
1AUI,A:B,-12.87909895
1AV5,A:B,-11.26590969
1AVA,A:C,-11.59489929
1AVW,A:B,-12.51460413
1AVX,A:B,-12.49230581
1AVZ,B:C,-9.779856604
1AWB,A:B,-11.98479125
1AY7,A:B,-9.942431398
1AZV,A:B,-8.738776447
1B2W,H:L,-20.38472949
1B34,A:B,-10.13908541
1B3D,A:B,-10.33353689
1B41,A:B,-10.57975936
1B41,A:B,-10.5708741
1B55,A:B,-9.701600901
1B5Z,A:B,-8.921067232
1B6C,A:B,-8.943544473
1B98,A:M,-12.92670651
1BAF,H:L,-18.84963305
1BBJ,H:L,-19.67403154
1BBS,A:B,-9.081500207
1BD9,A:B,-10.38011952
1BH8,A:B,-14.1317169
1BHD,A:B,-9.081500207
1BHG,A:B,-9.620867053
1BHH,A:B,-8.482611728
1BHO,1:2,-8.841518195
1BHT,A:B,-11.745434
1BI7,A:B,-10.58322054
1BI8,A:B,-10.48916378
1BJ1,HL:VW,-12.37975025
1BJ1,LH:V,-9.751672476
1BKD,R:S,-13.79088071
1BKZ,A:B,-9.185650139
1BLN,B:A,-19.4624699
1BLX,A:B,-10.28571474
1BM7,A:B,-12.55842623
1BMO,A:B,-8.531269719
1BMQ,A:B,-18.24713666
1BND,A:B,-14.88983819
1BO1,A:B,-9.947030561
1BP3,A:B,-12.19548214
1BQQ,M:T,-16.04051935
1BQU,A:B,-10.1326597
1BRB,E:I,-11.99171624
1BRC,E:I,-12.74114338
1BRS,A:D,-10.78438544
1BSX,X:A,-9.616693022
1BTH,LH:P,-11.35657104
1BTJ,A:B,-9.081387938
1BUH,A:B,-11.37652204
1BUV,M:T,-16.04051935
1BVK,DE:F,-11.65505787
1BVN,P:T,-13.69045563
1BWW,A:B,-11.98762566
1BZ7,B:A,-16.93548197
1BZX,E:I,-12.3675043
1C0F,S:A,-12.29882018
1C1E,H:L,-17.58604295
1C5D,L:H,-19.97713228
1C5M,D:F,-12.14266192
1C9P,A:B,-11.98691177
1C9T,A:G,-12.06069546
1CA0,ABC:D,-13.11482241
1CBV,H:L,-20.59301041
1CBW,ABC:D,-12.44361446
1CD0,A:B,-11.73478737
1CE1,H:L,-15.61065518
1CEA,A:B,-9.952070678
1CF8,H:L,-20.46065139
1CFN,B:A,-17.57621131
1CFS,AB:C,-10.65402992
1CG9,B:AC,-12.06583597
1CGF,A:B,-8.694674632
1CGI,E:I,-14.22338874
1CGS,H:L,-22.15854513
1CI4,A:B,-10.09845332
1CI6,A:B,-10.57529102
1CJY,A:B,-9.081500207
1CK0,H:L,-18.05763764
1CL7,HI:L,-18.07104607
1CLV,A:I,-11.52981192
1CM0,B:A,-9.081500207
1CM8,A:B,-8.747645661
1CMI,C:A,-10.11397898
1CQP,A:B,-12.50051981
1CR9,H:L,-19.82636362
1CSG,A:B,-10.073818
1CSO,E:I,-10.43517844
1CU4,LH:P,-9.921283092
1CVS,A:C,-9.730845201
1CXZ,A:B,-8.72932457
1CZ8,LH:V,-9.917294607
1CZ8,H:L,-16.84250296
1CZV,A:B,-8.883009438
1D0G,A:R,-10.85302926
1D2Q,A:B,-9.370967106
1D4T,A:B,-10.80099925
1D4V,B:A,-9.319164551
1D5B,B:A,-16.53345366
1D5S,A:B,-11.43753577
1D6N,A:B,-10.72460227
1D7K,A:B,-23.72242293
1D9K,CDP:AB,-10.74519928
1DB2,A:B,-10.49759074
1DE4,AB:C,-10.75078127
1DEB,A:B,-10.56682922
1DEH,A:B,-14.93177709
1DEU,A:B,-9.081500207
1DEV,A:B,-13.43813809
1DFB,H:L,-20.25624189
1DFC,A:B,-8.857184269
1DFJ,E:I,-14.67352262
1DFN,A:B,-14.55591991
1DFP,A:B,-8.19394372
1DHF,A:B,-8.620856838
1DHK,A:B,-14.85783047
1DJL,A:B,-8.957170824
1DJS,B:A,-11.58434062
1DKS,A:B,-12.11649896
1DL7,H:L,-10.78605367
1DN0,B:A,-19.19206914
1DOA,A:B,-13.2445182
1DOK,A:B,-11.63009163
1DP5,A:B,-14.35909554
1DQD,H:L,-20.77662317
1DQJ,AB:C,-13.88641256
1DQL,H:L,-10.78373961
1DQM,H:L,-21.09639079
1DS6,A:B,-14.50007681
1DTD,A:B,-13.04018615
1DTW,A:B,-11.96155408
1DYT,A:B,-9.357142544
1DZA,A:B,-8.871194544
1E0O,A:B,-10.47864076
1E31,A:B,-9.278339025
1E42,A:B,-9.153254094
1E4K,AB:C,-11.33708302
1E4W,H:L,-17.7031476
1E51,A:B,-15.46818483
1E6E,A:B,-8.522214048
1E6F,A:B,-10.28989816
1E6J,HL:P,-11.14528647
1E6J,H:L,-18.67347846
1E8A,A:B,-9.486164121
1E8I,A:B,-12.39464503
1E96,A:B,-9.05764245
1EA6,A:B,-12.25792878
1EAI,A:C,-12.5876881
1EAJ,A:B,-11.65303901
1EAW,A:B,-11.84141954
1EBA,C:A,-10.45882294
1EDM,B:C,-9.199272528
1EEQ,A:B,-12.3030317
1EER,A:BC,-13.32067204
1EF3,A:B,-8.778427925
1EFH,A:B,-13.57669605
1EFN,B:A,-10.23695579
1EFV,A:B,-11.26654722
1EGJ,LH:A,-11.45119526
1EGJ,H:L,-17.23811336
1EHL,H:L,-19.9330642
1EHW,A:B,-8.666250974
1EJM,A:B,-12.43151543
1EJO,LH:P,-11.98512233
1EJO,H:L,-16.48770249
1EK3,A:B,-11.11022331
1EK6,A:B,-9.387710231
1EKF,A:B,-16.98721023
1ELK,A:B,-8.765945433
1EM6,A:B,-12.06735319
1EMT,H:L,-14.99224931
1EMU,A:B,-12.22320545
1EMV,A:B,-13.55605388
1EQT,A:B,-14.36657839
1EQU,A:B,-13.94489614
1ERN,A:B,-13.93854814
1ES7,A:B,-9.967743786
1ET1,A:B,-10.67892591
1ETZ,H:L,-19.79901995
1EUI,A:C,-12.06157944
1EUJ,A:B,-7.964620747
1EV2,A:E,-9.903881749
1EVT,A:C,-10.87993019
1EVU,A:B,-11.81466628
1EWY,A:C,-11.21685953
1EXT,A:B,-10.71310504
1EXU,A:B,-15.6450986
1EZU,C:AB,-11.41842084
1F05,A:B,-9.499998848
1F0J,A:B,-10.17500615
1F0Y,A:B,-11.20193879
1F11,B:A,-16.74422275
1F34,A:B,-13.77665848
1F3D,H:L,-18.02597864
1F45,A:B,-16.35724286
1F4O,A:B,-12.19046006
1F4W,H:L,-14.43476305
1F58,LH:P,-11.03074642
1F58,H:L,-17.60159041
1F6F,A:B,-13.23398751
1F6M,A:C,-11.95616832
1F8T,H:L,-20.86160737
1F9J,A:B,-8.85473141
1FAI,H:L,-20.09534162
1FBY,A:B,-9.195581076
1FC1,A:B,-14.14602007
1FC2,C:D,-10.97334958
1FDQ,A:B,-8.980411356
1FE0,A:B,-11.6387049
1FE8,H:L,-17.21303212
1FFW,A:B,-9.381811131
1FGG,A:B,-11.04650218
1FGL,A:B,-8.918550448
1FGN,H:L,-19.87885098
1FGV,H:L,-12.261171
1FH5,H:L,-16.80200072
1FIC,A:B,-9.501474919
1FIG,H:L,-18.03377731
1FJ2,A:B,-12.36058248
1FL3,H:L,-17.3837078
1FL5,H:L,-18.00807524
1FLE,E:I,-11.76289287
1FLK,A:B,-9.081500207
1FOR,H:L,-18.09243011
1FQ1,A:B,-10.56229565
1FQ3,A:B,-9.970706343
1FQJ,A:B,-9.50098901
1FR7,A:B,-9.081500207
1FRG,H:L,-15.65780776
1FSK,BC:A,-11.35553859
1FSS,A:B,-10.06620214
1FST,A:B,-8.992583425
1FU1,A:B,-9.039255161
1FVC,B:A,-11.65892202
1FVO,A:B,-9.029599324
1FVR,A:B,-9.648722545
1FYH,A:B,-11.18587671
1FZV,A:B,-17.84990806
1G0Y,I:R,-13.04342608
1G1C,A:B,-9.081500207
1G3M,A:B,-8.832039523
1G83,A:B,-10.0548078
1G8I,A:B,-9.043264752
1G8Q,A:B,-9.094314858
1G9M,LH:GC,-9.719031301
1G9M,H:L,-16.21590192
1GAG,B:A,-9.392164902
1GCQ,B:C,-9.743519896
1GFW,A:B,-17.97698101
1GGB,H:L,-16.48284192
1GGL,A:B,-10.05507196
1GH7,A:B,-21.1552346
1GHQ,A:B,-10.59945085
1GIG,H:L,-16.51469127
1GJ7,A:B,-11.40100689
1GL0,E:I,-11.35903264
1GL1,A:I,-11.5594456
1GLA,G:F,-9.620350719
1GPQ,C:A,-9.551490076
1GPW,A:B,-10.48159235
1GPZ,A:B,-12.54032535
1GRI,A:B,-10.13362815
1GRN,A:B,-11.53360796
1GSE,A:B,-10.44278614
1GWB,A:B,-11.77035611
1GWX,A:B,-8.914059707
1GXD,A:C,-10.97860926
1GY5,A:B,-10.92177305
1GZW,A:B,-10.49949462
1H03,P:Q,-12.52969732
1H0D,AB:C,-13.14699779
1H0D,B:A,-18.81496925
1H1V,A:G,-10.25227055
1H2K,A:S,-11.73508208
1H3I,A:B,-12.83852042
1H3P,H:L,-18.61483941
1H59,A:B,-9.970421207
1H6P,A:B,-10.80513139
1H8F,A:B,-17.13826567
1H9D,A:B,-11.21071455
1HA4,A:B,-8.70070539
1HCF,AB:X,-10.89305384
1HCF,A:X,-10.22966809
1HCN,A:B,-15.55780767
1HDM,A:B,-15.23695388
1HE8,B:A,-10.32796578
1HIA,AB:I,-12.67519788
1HIM,LH:PR,-11.94419267
1HJA,ABC:I,-12.36030283
1HJW,A:B,-8.739450058
1HKB,A:B,-9.067479675
1HLC,A:B,-10.05196558
1HLG,A:B,-9.330071247
1HNB,A:B,-8.944700826
1HNN,A:B,-8.167987179
1HRK,A:B,-10.14584206
1HTI,A:B,-11.20334418
1HTR,P:B,-14.91949652
1HUL,A:B,-16.96618618
1HUR,A:B,-10.05849312
1HZH,H:L,-19.96886918
1HZW,A:B,-14.08843874
1I0Z,A:B,-12.87842438
1I1J,A:B,-9.082221933
1I1R,A:B,-11.72857992
1I2M,A:B,-11.41321888
1I3D,A:B,-8.925738178
1I49,A:B,-13.2779641
1I4D,D:AB,-11.39010925
1I51,AB:E,-10.79434446
1I72,B:A,-16.47233337
1I7I,A:B,-8.912319911
1I7K,A:B,-10.04722998
1I8I,B:A,-15.07410094
1I8K,AB:C,-10.86248635
1I9I,H:L,-21.82224318
1IAR,A:B,-11.55255117
1IB1,AB:E,-8.780236496
1IBG,H:L,-20.61009008
1IBR,A:B,-8.533304232
1IC1,A:B,-9.081500207
1ICW,A:B,-9.071393808
1IGF,H:L,-19.05985927
1IGI,H:L,-19.098796
1IHB,A:B,-8.671800247
1IHI,A:B,-10.39006587
1II6,A:B,-12.28255634
1IJK,A:BC,-10.72567314
1IJQ,A:B,-9.076127355
1IKF,H:L,-18.63874515
1IL1,A:B,-18.98644057
1ILR,1:2,-10.05917367
1IND,H:L,-14.05311859
1IQD,AB:C,-11.18417131
1IQD,B:A,-15.13204546
1ISF,A:B,-11.02146221
1IT6,A:B,-9.081500207
1IT9,H:L,-16.7820449
1ITQ,A:B,-11.82811795
1ITV,A:B,-10.12235666
1IU1,A:B,-10.14976389
1IVO,C:A,-12.52188244
1IVY,A:B,-13.46799822
1IWQ,A:B,-10.62484366
1J05,H:L,-12.09552075
1J0W,A:B,-8.649362579
1J1A,A:B,-11.4582759
1J1O,LH:Y,-12.83966936
1J2E,A:B,-14.08500901
1J2F,A:B,-9.997491201
1J2J,A:B,-9.84469619
1J2X,A:B,-9.1448071
1J78,A:B,-10.86373704
1J7D,A:B,-9.266460841
1J86,A:B,-9.946194356
1J8H,ABC:DE,-9.65433159
1J9W,A:B,-9.060987142
1JCN,A:B,-9.218299235
1JCQ,A:B,-17.4376379
1JCZ,A:B,-9.706978199
1JDH,A:B,-12.05568308
1JDP,H:A,-13.19289113
1JEQ,A:B,-24.70655301
1JF7,A:B,-9.050663627
1JFQ,H:L,-18.18749919
1JGU,H:L,-19.54869747
1JIW,P:I,-13.20024422
1JIZ,A:B,-9.081500207
1JKG,A:B,-18.79787601
1JKT,A:B,-10.07102838
1JLT,B:A,-12.04276477
1JMJ,A:B,-8.584797301
1JMO,A:HL,-12.15846952
1JMT,A:B,-10.6747212
1JN6,B:A,-15.68091325
1JNL,H:L,-17.08971744
1JOC,A:B,-11.75313651
1JPS,HL:T,-11.13628005
1JPT,H:L,-16.81084688
1JQD,A:B,-9.447026907
1JQZ,A:B,-9.290947253
1JR2,A:B,-8.346769327
1JRH,LH:I,-13.59040654
1JRR,A:P,-9.096523313
1JTD,A:B,-12.60981279
1JTG,A:B,-14.21864507
1JTP,A:L,-12.19130774
1JUO,A:B,-13.91062897
1JV1,A:B,-11.2787766
1JVK,A:B,-18.28408984
1JWH,CD:A,-9.839073478
1K0M,A:B,-8.937423886
1K2P,A:B,-10.11050271
1K4W,B:A,-9.115293036
1K5D,AB:C,-9.400166558
1K6M,A:B,-9.641969749
1K7L,B:A,-8.8034752
1K9K,A:B,-13.40445642
1KAC,A:B,-11.0566737
1KBC,A:B,-10.05075358
1KC5,H:L,-18.00782537
1KCR,LH:P,-12.10592196
1KCS,H:L,-17.16744546
1KEL,H:L,-17.6064438
1KEN,LH:AB,-13.54904423
1KEN,H:L,-19.77656199
1KFA,H:L,-19.20668384
1KFU,L:S,-13.11296941
1KG0,AB:DC,-11.70705766
1KGC,D:E,-18.06581526
1KGY,E:A,-11.30105492
1KKL,ABC:H,-11.62147242
1KLI,L:H,-13.29526142
1KLU,AB:D,-11.23147527
1KN2,H:L,-19.90750063
1KSO,A:B,-17.71853636
1KTR,H:L,-11.99488607
1KTZ,A:B,-10.05112681
1KU6,A:B,-10.61314758
1KV6,C:A,-9.270303805
1KWA,A:B,-9.486322677
1KWM,A:B,-9.081500207
1KWP,A:B,-8.675786209
1KXP,A:D,-11.93403314
1KXQ,H:A,-12.00643203
1KYN,A:B,-9.203112195
1KZZ,B:A,-13.32690938
1L2I,C:A,-9.222557601
1L2J,A:B,-8.986537065
1L4D,A:B,-10.09114355
1L5T,A:B,-9.081500207
1L7I,L:H,-21.67284508
1L8L,A:B,-10.86233112
1L8R,A:B,-8.746006731
1L9M,A:B,-10.78260464
1LAR,A:B,-8.734477579
1LDJ,A:B,-12.9176308
1LE7,A:B,-9.497356031
1LFD,B:A,-10.48991004
1LGQ,A:B,-14.68286679
1LIL,A:B,-25.22185875
1LJM,A:B,-9.475016505
1LJR,A:B,-12.44963131
1LM5,A:B,-10.32509597
1LM7,A:B,-10.41679539
1LN2,A:B,-9.081500207
1LO4,H:L,-19.70480332
1LOT,A:B,-11.28516158
1LP9,ABC:EF,-13.04168743
1LPG,A:B,-12.19178838
1LQV,C:A,-9.90801327
1LT7,A:B,-13.10783362
1LW6,E:I,-11.24240502
1LX5,A:B,-10.26233838
1M10,A:B,-10.38772635
1M2Z,B:A,-8.583684558
1M48,A:B,-10.54994695
1M4R,A:B,-9.50270815
1M4U,L:A,-10.38312945
1M6B,A:B,-9.031089804
1M6D,A:B,-8.574911367
1M6H,A:B,-9.231597655
1M71,B:A,-17.2579223
1M7N,A:B,-10.21265002
1M7R,A:B,-10.11564515
1M9J,A:B,-19.88762568
1MAH,A:F,-10.48562103
1MAM,H:L,-18.12681417
1MCO,H:L,-18.53719569
1MCP,H:L,-17.56988893
1MEX,H:L,-16.63128268
1MFB,H:L,-15.49209228
1MH5,B:A,-16.93953889
1MHQ,A:B,-9.61869055
1MI1,A:B,-11.88551359
1MIM,H:L,-19.65996067
1MIU,B:A,-8.899132016
1MJV,A:B,-11.12620871
1MK2,A:B,-13.75453839
1MLB,B:A,-18.3849516
1MLC,AB:E,-11.88974388
1MMP,A:B,-9.635014993
1MQ0,A:B,-16.77377708
1MQ8,A:B,-10.08154027
1MQB,A:B,-9.054315183
1MQK,H:L,-14.78907094
1MR8,A:B,-11.80381112
1MV9,B:A,-9.055485983
1N1A,A:B,-8.599289718
1N1J,A:B,-16.48289971
1N3U,A:B,-9.409698076
1N46,A:B,-10.68475534
1N64,LH:P,-9.62020576
1N64,H:L,-18.90128038
1N8Z,AB:C,-10.81163559
1N99,A:B,-8.050682598
1NA8,A:B,-9.789050381
1NAK,H:L,-16.9969396
1NB3,AP:I,-10.3085231
1NB5,AP:I,-10.16165764
1NB8,A:B,-8.566519796
1NBQ,A:B,-12.02936131
1NC2,AB:D,-9.357090917
1NCA,HL:N,-11.19279957
1NCA,H:L,-20.64375725
1NCB,LH:N,-11.1074815
1NCN,A:B,-9.84440545
1NCW,H:L,-20.92182079
1NF7,A:B,-11.01566777
1NFD,EF:AB,-9.186436534
1NGX,B:A,-16.31500438
1NI2,A:B,-9.081500207
1NJ9,H:L,-15.60823096
1NJS,A:B,-10.29116332
1NL0,LH:G,-9.95818589
1NL6,A:B,-9.081500207
1NOU,A:B,-10.1683857
1NPZ,A:B,-9.855546588
1NRL,C:A,-9.295552414
1NRN,LH:R,-9.485936374
1NRV,A:B,-9.154015724
1NSN,HL:S,-13.19650885
1NTV,A:B,-10.40130902
1NU4,A:B,-10.72127043
1NUN,A:B,-11.99252294
1NUP,A:B,-9.20618818
1NVU,Q:S,-10.08508661
1NW9,A:B,-11.6871421
1NX1,A:C,-10.09835898
1NZI,A:B,-14.28253146
1O5E,L:H,-11.42353358
1O6K,A:C,-10.44993435
1OAQ,H:L,-11.78046287
1OB1,BA:C,-11.56676621
1OB1,A:B,-20.69070269
1OC0,A:B,-10.69877305
1OHH,ADG:H,-8.919499757
1OIZ,A:B,-9.572910908
1OJ5,B:A,-9.006548301
1OKI,A:B,-13.42562799
1OL5,A:B,-14.57106065
1OM3,H:L,-10.65525963
1OPH,A:B,-10.68265367
1OQE,A:K,-9.718822355
1OQJ,A:B,-10.00756988
1ORQ,B:A,-20.81794655
1OU5,A:B,-13.1725199
1OVZ,A:B,-9.811150828
1OW0,A:C,-10.39691275
1OW3,A:B,-10.9094863
1OYV,A:I,-14.28052712
1P2C,AB:C,-11.95424506
1P4B,LH:P,-10.36894233
1P4B,H:L,-11.71110355
1P4R,A:B,-18.62499133
1P53,A:B,-11.99827349
1P60,A:B,-11.93817332
1P7K,H:L,-17.95696687
1P8D,C:A,-8.880699913
1P9M,B:AC,-13.26902529
1P9O,A:B,-12.88276604
1PBW,A:B,-10.06236579
1PE0,A:B,-11.10447312
1PMK,A:B,-9.41212681
1PPE,E:I,-11.82937453
1PPF,E:I,-10.46871244
1PQ2,A:B,-10.11911471
1PR9,A:B,-9.583146386
1PRX,A:B,-13.48196606
1PSR,A:B,-12.85158476
1PT6,A:B,-8.607415429
1PTO,CDF:AB,-20.14874098
1PU4,A:B,-26.09721283
1PVH,A:B,-11.51804226
1PXV,A:C,-10.81458006
1PZL,A:B,-9.090727427
1Q0X,H:L,-15.76198218
1Q1J,H:L,-18.28647648
1Q3X,A:B,-9.081227555
1Q4O,A:B,-10.04546476
1Q72,H:L,-17.44440974
1Q7S,A:B,-12.76329103
1Q9K,B:A,-18.28534375
1Q9L,B:A,-18.22071462
1QA9,A:B,-8.914228718
1QB2,A:B,-14.04095697
1QBK,B:C,-10.56224876
1QF8,A:B,-10.15087694
1QFU,LH:AB,-10.71485281
1QFW,LHMI:AB,-12.97785921
1QFW,H:L,-13.70761234
1QG3,A:B,-9.081500207
1QG7,A:B,-9.327084852
1QGK,A:B,-9.856604918
1QH3,A:B,-8.518104623
1QIN,A:B,-18.01732963
1QQG,A:B,-11.33124963
1QR2,A:B,-14.21215656
1QR6,A:B,-9.426708566
1QRN,ABC:DE,-11.54172387
1R0O,CDA:B,-9.488917326
1R0R,E:I,-11.92578482
1R1K,A:D,-10.23944179
1R20,A:D,-10.18690805
1R24,B:A,-17.88643312
1R28,A:B,-14.59960216
1R2B,A:C,-10.02356695
1R3K,AB:C,-11.0172667
1R3K,B:A,-18.15679975
1R46,A:B,-11.48621642
1R6Q,A:C,-10.30878972
1R6T,A:B,-14.49263575
1R74,A:B,-14.48687459
1RE0,A:B,-11.17527047
1RFN,A:B,-12.95681422
1RHF,A:B,-9.16773848
1RHH,B:A,-21.12385726
1RIH,H:L,-18.12345384
1RJK,C:A,-9.470298225
1RKC,A:B,-11.23846195
1RLB,ABCD:E,-12.41361774
1RMF,H:L,-19.09307748
1RNF,A:B,-10.26577866
1ROZ,A:B,-15.35320604
1RPM,A:B,-8.495731108
1RPQ,W:A,-10.76739084
1RV6,VW:X,-11.17203173
1RY0,A:B,-8.717089895
1RY7,A:B,-11.31253903
1RYF,A:B,-11.04871819
1RZ7,H:L,-16.17739677
1RZF,H:L,-14.94745539
1RZG,B:A,-18.91352001
1RZI,B:A,-15.55037009
1S18,A:B,-10.20971623
1S1G,A:B,-12.51666292
1S1Q,A:B,-8.797146605
1S3K,H:L,-15.63507715
1S3O,A:B,-11.63275926
1S70,A:B,-12.51869308
1S95,A:B,-10.02297185
1S9I,A:B,-8.933658585
1SAW,A:B,-10.67300828
1SEQ,H:L,-19.84993674
1SG1,A:X,-8.877287138
1SGH,A:B,-9.191258745
1SKO,A:B,-14.89159888
1SM2,A:B,-9.190666254
1SMO,A:B,-10.19382714
1SMP,A:I,-13.07076122
1SNZ,A:B,-9.081500207
1SQ2,L:N,-11.81207138
1ST0,B:A,-12.7970052
1STF,E:I,-12.64247162
1SZB,A:B,-12.54942652
1T09,A:B,-17.30284999
1T0P,A:B,-10.8544679
1T29,A:B,-9.604809118
1T2L,A:B,-8.448748448
1T2Q,L:H,-18.1560522
1T34,H:A,-11.26863106
1T3G,A:B,-10.4856583
1T4E,A:B,-11.81369696
1T4K,B:A,-17.26568241
1T5C,A:B,-11.05824852
1T5Z,A:B,-10.16601619
1T64,A:B,-9.129785874
1T66,H:L,-20.28211122
1T6B,X:Y,-12.83002953
1T6G,C:A,-11.94702497
1T6N,A:B,-8.835018677
1T7H,A:B,-13.84426536
1T8P,A:B,-9.572224972
1T8T,A:B,-12.46149253
1T94,A:B,-8.961260606
1T9S,A:B,-8.337512666
1TB7,A:B,-9.489490937
1TE6,A:B,-12.16007904
1TFH,A:B,-9.04170903
1TGZ,A:B,-9.227327407
1TH0,A:B,-8.807564982
1TIJ,A:B,-17.68288918
1TJC,A:B,-11.28646524
1TJH,LH:P,-9.867677675
1TJH,H:L,-15.80583015
1TKI,A:B,-9.081500207
1TNR,A:R,-10.88950193
1TR2,A:B,-9.204285594
1TRN,A:B,-9.689580953
1TZG,LH:P,-10.09269465
1TZG,H:L,-16.46906106
1TZH,AB:V,-10.06861993
1TZI,AB:V,-10.60831088
1U46,A:B,-9.309412902
1U6A,H:L,-18.4135708
1U7B,A:B,-9.11614291
1UDI,E:I,-10.91365975
1UDW,A:B,-9.404218316
1UEA,A:B,-15.41804802
1UG3,A:B,-10.5952218
1UGH,E:I,-12.66873094
1UII,A:B,-10.18627768
1UJW,B:A,-14.02470476
1UK0,A:B,-8.856366602
1UKH,A:B,-10.06585572
1UKV,Y:G,-15.0065187
1UMO,A:B,-9.272835088
1UOL,A:B,-10.25220217
1UPL,A:B,-8.8730015
1US7,A:B,-9.439432999
1UTU,A:B,-12.03611598
1UUG,A:B,-12.19213985
1UUH,A:B,-11.9320041
1UUZ,C:A,-8.89444479
1UWE,H:L,-16.55724971
1UWH,A:B,-9.029171537
1UYW,H:L,-19.81511328
1UZ6,H:L,-16.96420291
1UZ8,B:A,-16.29326354
1V5I,A:B,-12.39286036
1V5W,A:B,-12.14076659
1V82,A:B,-9.788911969
1VCA,A:B,-9.04542993
1VCU,A:B,-8.612602653
1VDG,A:B,-10.77968217
1VEC,A:B,-8.773547616
1VFB,AB:C,-11.68521286
1VHR,A:B,-9.069760126
1VKA,A:B,-9.452101272
1VYB,A:B,-8.450335381
1W2C,A:B,-11.24681835
1W45,A:B,-9.081500207
1W7X,H:L,-13.41270529
1W98,A:B,-13.13812826
1W9C,A:B,-13.14919772
1W9G,A:B,-11.51446447
1WDZ,A:B,-23.85259821
1WEJ,HL:F,-10.33300857
1WIO,A:B,-8.24846768
1WKU,A:B,-8.768127167
1WKW,A:B,-11.93167332
1WM0,Y:X,-9.094218628
1WMS,A:B,-9.157987156
1WPQ,A:B,-10.22229854
1WPX,A:B,-11.34740759
1WQ1,R:G,-10.870668
1WQ6,A:B,-9.135196643
1WQJ,B:I,-11.03146527
1WRD,A:B,-8.535778898
1WRK,A:B,-9.052534925
1WSR,A:B,-8.077129857
1WTL,A:B,-11.03857016
1WU9,A:B,-10.74703316
1WVA,A:B,-9.081500207
1WWA,X:Y,-13.17087548
1WWW,V:X,-9.464946165
1WYW,A:B,-9.76473418
1WYX,A:B,-9.367704421
1WZ1,H:L,-13.24470196
1WZ9,A:B,-9.592144187
1WZV,A:B,-8.85821413
1X6V,B:A,-9.54337673
1X7B,C:A,-9.062338079
1XCA,A:B,-9.085609086
1XCR,A:B,-9.94243219
1XD3,A:B,-9.293693978
1XJL,A:B,-8.837212503
1XKT,A:B,-8.917856515
1XO5,A:B,-9.612276069
1XQR,A:B,-9.141550627
1XQS,A:C,-9.829768538
1XT9,A:B,-10.47310845
1XU1,ABD:T,-9.98336935
1XU2,A:R,-9.584129221
1XUC,A:B,-13.0893571
1XV8,A:B,-10.83379172
1Y01,A:B,-9.966350789
1Y0L,H:L,-18.74290171
1Y4J,A:B,-9.848986167
1Y7V,A:B,-8.974435061
1Y8N,A:B,-10.48678777
1Y8X,A:B,-9.827431814
1Y97,A:B,-14.70993553
1Y9R,A:B,-9.081500207
1YA0,A:B,-9.263381029
1YB1,A:B,-11.05365714
1YB5,A:B,-12.24265769
1YBW,A:B,-9.553035758
1YC0,A:I,-14.55410405
1YCR,A:B,-10.43994147
1YFK,A:B,-8.847227852
1YH3,A:B,-9.682110472
1YHN,A:B,-11.38503037
1YI6,A:B,-10.22945805
1YIG,A:B,-10.78719148
1YJD,LH:C,-12.82923786
1YJD,H:L,-18.08438774
1YLA,A:B,-8.348837678
1YMT,A:B,-9.461554824
1YOK,B:A,-9.055838827
1YPQ,A:B,-16.16291251
1YPZ,AB:EF,-11.69906391
1YRP,A:B,-12.51410663
1YUH,H:L,-17.12413995
1YUK,A:B,-14.44739521
1YVB,A:I,-11.22806183
1YWH,B:A,-11.27706071
1YY8,B:A,-17.01431196
1YYH,A:B,-9.674725152
1YZ4,A:B,-9.718873572
1YZ5,A:B,-10.8050597
1YZT,A:B,-9.081500207
1YZX,A:B,-11.69696128
1Z0K,A:B,-11.00998962
1Z3S,A:B,-9.081500207
1Z5X,U:E,-9.722254726
1Z68,A:B,-15.51917262
1Z6U,A:B,-11.53621417
1Z6X,A:B,-10.08763081
1Z6Y,A:B,-10.46590548
1ZA6,B:A,-18.45425885
1ZAN,H:L,-18.68234671
1ZD1,A:B,-9.130009849
1ZDN,A:B,-12.43017452
1ZDT,A:P,-8.939528626
1ZH7,C:A,-9.876363493
1ZHI,A:B,-9.877925866
1ZJD,A:B,-13.41384689
1ZKC,A:B,-10.05294307
1ZLH,A:B,-12.20338458
1ZLI,A:B,-11.77280677
1ZN7,A:B,-13.51856659
1ZNC,A:B,-9.294111211
1ZQ9,A:B,-8.966862737
1ZR5,A:B,-8.810731382
1ZXC,A:B,-8.968577911
1ZXM,A:B,-13.33947521
1ZY7,A:B,-8.375299047
1ZZW,A:B,-8.813290678
2A1J,A:B,-12.01749444
2A1W,H:L,-18.25724237
2A3I,A:B,-9.192047491
2A3R,A:B,-9.225098166
2A5D,A:B,-10.71969938
2A72,A:B,-17.51882542
2A73,A:B,-19.01586841
2A7L,A:B,-9.308020955
2A8I,A:B,-13.97740899
2A9K,A:B,-9.693008473
2A9U,A:B,-11.7169664
2AAB,H:L,-19.26128212
2AB1,A:B,-8.747052884
2ABZ,B:E,-11.94867464
2ABZ,A:C,-12.10577492
2ACX,A:B,-10.98529031
2ADF,LH:A,-11.75341914
2ADG,B:A,-17.04026578
2ADO,A:B,-10.63536789
2AEW,A:B,-10.63359313
2AFM,A:B,-11.27230742
2AG4,A:B,-9.39846275
2AGJ,H:L,-18.40513115
2AHS,A:B,-8.870781751
2AJ3,B:A,-18.77811662
2AJF,A:E,-11.88754669
2AJP,A:B,-9.770419686
2AJS,H:L,-18.11538719
2AOJ,A:C,-9.691195693
2AQ2,B:A,-9.868630974
2AQ3,A:B,-9.899420084
2AQ9,A:X,-9.341228071
2AQL,A:B,-13.21004969
2AR7,A:B,-9.628775437
2ARP,A:F,-11.28258418
2ARV,A:B,-17.01004013
2ARY,A:B,-10.44254572
2ATX,A:B,-13.26292296
2AUG,A:B,-10.22851006
2AVD,A:B,-14.79193978
2AW2,A:B,-10.85999734
2AXH,A:B,-13.04880566
2AYO,A:B,-9.462547766
2B0S,H:L,-15.90710162
2B25,A:B,-9.279782477
2B2X,LH:A,-12.88827844
2B2X,H:L,-17.56909723
2B3G,A:B,-10.15750966
2B3U,A:B,-18.81136831
2B3Y,A:B,-9.171470811
2B42,A:B,-11.27658751
2B4C,LH:GC,-11.46776411
2B4J,AB:C,-8.623059665
2B7A,A:B,-8.294505376
2B8W,A:B,-11.5352659
2B9J,A:C,-10.81793483
2B9R,A:B,-10.40008931
2BB5,A:B,-8.478916407
2BBA,P:A,-11.63794258
2BBS,A:B,-9.478111549
2BCX,A:B,-11.39580363
2BDG,A:B,-9.443202325
2BEC,A:B,-11.53913001
2BEI,A:B,-17.69830005
2BEX,C:A,-15.78885852
2BJ4,C:AB,-11.96720415
2BNQ,ABC:DE,-11.25863994
2BR8,F:A,-14.86887633
2BTF,A:P,-10.97007109
2BVA,A:B,-12.18658483
2BXR,A:B,-8.556802134
2BZY,A:B,-9.953985096
2C0J,A:B,-11.04352791
2C0L,A:B,-10.54348787
2C2H,A:B,-9.232671184
2C2N,A:B,-9.894457893
2C6F,A:B,-7.843290538
2C7M,A:B,-9.300134869
2C7W,A:B,-15.61937418
2C8Q,A:B,-15.53861051
2C95,A:B,-8.719584999
2CB5,A:B,-9.181544154
2CK0,LH:P,-10.91260842
2CK2,A:B,-8.334909809
2CKG,A:B,-9.248633473
2CLQ,A:B,-8.867692802
2CMR,LH:A,-11.76288344
2CMR,H:L,-16.06595623
2COG,A:B,-16.93057465
2CZH,A:B,-12.23588165
2D0T,A:B,-12.22484492
2D1I,A:B,-9.914475239
2D4Q,A:B,-10.15091836
2D68,A:B,-11.51615693
2D7T,H:L,-12.57282475
2DB7,A:B,-15.80749209
2DD8,LH:S,-13.16325828
2DD8,H:L,-18.93095579
2DDQ,H:L,-17.40921861
2DH3,A:B,-11.56697602
2DOK,A:B,-9.72879684
2DPX,A:B,-9.489645727
2DSC,A:B,-21.74143149
2DWD,BA:C,-11.202953
2DWD,A:B,-17.45348712
2DYN,A:B,-9.83816519
2E0A,A:B,-13.10344401
2E27,H:L,-11.97122028
2E2B,A:B,-9.933582962
2E2D,A:C,-17.17797931
2E3P,A:B,-9.283325794
2E5B,A:B,-21.63364563
2E9V,A:B,-9.373165783
2EAL,A:B,-10.05356873
2EAV,A:B,-8.87273619
2EAW,A:B,-9.685630392
2EGD,A:B,-11.06716483
2EH7,H:L,-17.02006699
2EH8,LH:P,-11.29766119
2EJ8,A:B,-12.94267491
2ERX,A:B,-9.004594415
2ERY,A:B,-8.76846337
2ES3,A:B,-8.893863868
2ESM,A:B,-14.54708168
2ETL,A:B,-9.694409364
2ETM,A:B,-10.63396059
2EVS,A:E,-9.87247484
2EX4,A:B,-8.779533387
2EYR,A:B,-19.94636016
2F0R,A:B,-8.910141339
2F37,A:B,-12.27317733
2F3Y,A:B,-10.79040182
2F57,A:B,-9.820971892
2F5Y,A:B,-12.65083711
2F7S,A:B,-15.85881906
2F8A,A:B,-9.788857632
2F8O,A:B,-9.687439667
2F91,A:B,-10.38855219
2FAT,H:L,-18.49242431
2FAZ,A:B,-8.833162208
2FB4,H:L,-19.78849916
2FBJ,H:L,-19.29681168
2FCW,A:B,-8.787006159
2FD6,LH:AU,-10.23498991
2FDB,M:P,-11.80437422
2FFV,A:B,-12.57694883
2FH5,A:B,-10.05362779
2FIC,A:B,-8.995181742
2FIM,A:B,-8.723505232
2FJU,B:A,-10.97708686
2FKL,A:B,-9.34058839
2FL5,H:L,-19.41219263
2FP0,A:B,-8.90148573
2FTS,A:P,-10.35273501
2FV7,A:B,-9.253453932
2FXM,A:B,-14.62291191
2G2R,H:L,-18.95145965
2G2U,A:B,-13.58239664
2G43,A:B,-11.94789012
2G59,A:B,-11.458459
2G60,H:L,-17.74310179
2G76,A:B,-14.61609791
2G7R,A:B,-10.11215417
2G98,A:B,-9.672026156
2G9N,A:B,-10.60553575
2GAO,A:B,-9.364878867
2GCO,A:B,-8.638504607
2GCY,B:A,-17.77097883
2GFB,B:A,-18.72997811
2GGT,A:B,-11.5765916
2GGZ,A:B,-9.160774381
2GH0,C:A,-10.58863819
2GH5,A:B,-17.25192988
2GHW,B:A,-18.3321716
2GJZ,H:L,-18.47414749
2GK2,A:B,-10.17433625
2GK6,A:B,-8.674348357
2GMV,A:B,-8.452590983
2GP3,A:B,-9.963971715
2GPH,A:B,-13.98263535
2GPO,A:C,-9.188200644
2GS7,A:B,-9.076402931
2GSG,B:A,-12.19144514
2GSI,B:A,-16.45465789
2GZH,A:B,-8.787674374
2H06,A:B,-10.66838465
2H0D,A:B,-11.76004282
2H11,A:B,-10.78550811
2H1P,LH:P,-10.82616683
2H2R,A:B,-8.846794816
2H3L,A:B,-10.26041699
2H4V,A:B,-9.323450419
2H5G,A:B,-9.069663896
2H68,A:B,-9.381416953
2H8K,A:B,-8.879448921
2HA8,A:B,-9.942699572
2HBH,B:A,-9.085172992
2HD1,A:B,-9.221287345
2HD5,A:B,-8.678689929
2HE2,A:B,-9.575294057
2HE9,A:B,-9.388322197
2HEI,A:B,-11.95682985
2HFG,LH:R,-14.3805085
2HKN,A:B,-9.068633591
2HLA,A:B,-11.68848673
2HLE,A:B,-10.84422162
2HMH,A:B,-12.35647829
2HMI,CD:EFAB,-11.01290915
2HO2,A:B,-9.486621141
2HP4,A:B,-15.14861818
2HQS,A:B,-11.15245234
2HQW,A:B,-9.685557893
2HQX,A:B,-10.06984088
2HRK,A:H,-9.504974925
2HRP,LH:P,-11.12626665
2HT6,A:B,-12.21330545
2HUP,A:B,-9.415801237
2HUZ,A:B,-21.1010678
2HV6,A:B,-7.753395519
2HW6,A:B,-10.75542605
2HWY,A:B,-9.158199881
2HWZ,H:L,-18.20028932
2HZ5,A:B,-10.58130499
2I1N,A:B,-9.696414483
2I1Y,A:B,-8.775547125
2I25,N:L,-11.32366096
2I3C,A:B,-9.435739887
2I3I,A:B,-10.42045196
2I46,A:B,-11.18248589
2I5T,A:B,-8.330643691
2I6B,A:B,-9.081500207
2I6K,A:B,-8.671596646
2I6L,A:B,-10.34507497
2I6T,A:B,-11.14827671
2I7D,A:B,-12.06319324
2I7N,A:B,-18.85098219
2I9B,E:A,-12.47676724
2IAG,A:B,-10.60186422
2IAM,ABP:CD,-10.29625173
2IBN,A:B,-11.81308809
2IE4,A:C,-10.24173459
2IFG,E:A,-11.7852384
2IG7,A:B,-9.947653681
2IGQ,A:B,-12.17319097
2IIK,A:B,-13.28040746
2IJO,AB:I,-12.14508019
2IO0,A:B,-9.60683839
2IPP,A:B,-19.17622453
2IPT,L:H,-19.07559931
2IQJ,A:B,-9.506622155
2IVX,A:B,-9.035189742
2IWT,A:B,-11.08761911
2J0T,A:D,-13.38935905
2J12,A:B,-13.52086505
2J3S,A:B,-10.58068466
2J4W,LH:D,-12.85925847
2J4W,H:L,-21.88742214
2J5L,BC:A,-13.3679772
2J5L,C:B,-22.72217424
2J6E,H:L,-14.57671236
2J8X,A:B,-10.86053507
2JB5,H:L,-17.92271522
2JBH,A:B,-11.27930586
2JC6,A:C,-10.00569365
2JEL,HL:P,-12.16176231
2JHH,C:F,-10.51814053
2JJ6,A:B,-9.645497207
2JJT,C:A,-9.14590954
2KAI,AB:I,-12.06880835
2MTA,HL:A,-9.328684072
2NLD,A:B,-8.777861936
2NN2,A:B,-14.95260326
2NQD,B:A,-9.635921478
2NS2,A:B,-9.134693635
2NTE,A:B,-11.15598596
2NTF,H:L,-14.12342141
2NW2,A:B,-20.06915154
2NXB,A:B,-10.58223353
2NY7,LH:G,-10.84772657
2NYR,A:B,-9.948494657
2NYU,A:B,-8.867470375
2NYY,CD:A,-15.92402071
2NYZ,AB:D,-11.37059923
2NZ7,A:B,-13.92758483
2NZ8,A:B,-12.63324608
2NZT,A:B,-9.35379029
2O05,A:B,-11.30534235
2O23,A:B,-8.420078154
2O2K,A:B,-10.40101152
2O2T,A:B,-8.875673926
2O3B,A:B,-9.620382049
2O52,A:B,-11.64663034
2O6L,A:B,-10.17805167
2O8A,A:I,-12.02343442
2O8Y,A:B,-9.697007691
2O95,A:B,-7.859200593
2O9V,A:B,-9.486483349
2OCF,A:D,-10.44387413
2OCT,A:B,-15.1330443
2ODB,A:B,-11.31129124
2OEX,A:B,-9.049761059
2OFV,A:B,-10.29557181
2OFX,A:B,-11.28009486
2OI9,AQ:BC,-13.06370826
2OJZ,H:L,-18.3478658
2OKJ,A:B,-22.98880472
2OL2,A:B,-8.64278685
2OOA,A:B,-9.047434726
2OOB,A:B,-8.942559876
2OOQ,A:B,-8.823542536
2OOR,AB:C,-11.59388244
2OPG,A:B,-11.45484753
2OQ1,A:B,-8.627006579
2ORB,H:L,-16.74053546
2ORV,A:B,-9.237397303
2OT3,A:B,-14.3770847
2OTP,A:B,-32.86634719
2OTT,X:Y,-10.32181307
2OUC,A:B,-8.489219533
2OUL,A:B,-10.09335486
2OUN,A:B,-8.792015555
2OVH,B:A,-9.270541597
2OVP,A:B,-10.54770352
2OXC,A:B,-12.08902407
2OXE,A:B,-9.109429926
2OZ4,H:L,-17.70654712
2OZA,A:B,-14.8060639
2P0A,A:B,-18.000013
2P0C,A:B,-9.054329468
2P23,A:B,-8.685224356
2P31,A:B,-9.028288839
2P3W,A:B,-11.27548229
2P46,B:A,-11.61543158
2P4E,P:A,-12.17095848
2P54,A:B,-8.983714313
2P5S,A:B,-11.23785368
2P5X,A:B,-11.24502003
2P64,A:B,-20.62829125
2P6N,A:B,-9.197919316
2P6X,A:B,-9.357830881
2P8E,A:B,-9.061949443
2P8U,A:B,-17.28854472
2P9R,A:B,-11.62648438
2PA2,A:B,-9.168239724
2PA5,A:B,-10.34566315
2PAH,A:B,-11.22441141
2PCB,A:B,-9.10834837
2PCC,A:B,-9.420315667
2PF6,A:B,-9.217963238
2PFI,A:B,-9.086343792
2PFR,A:B,-8.487984579
2PID,A:B,-10.35043846
2PJL,A:B,-7.565233455
2PLA,A:B,-9.914937191
2PM8,A:B,-8.280776179
2PMY,A:B,-8.938531443
2PNT,A:B,-8.622659635
2PR9,A:P,-11.47944066
2PSM,A:F,-10.09390673
2PSQ,A:B,-9.791477842
2PTC,E:I,-12.3789581
2PZD,A:B,-12.56554962
2Q32,A:B,-8.599077368
2Q3F,A:B,-9.160479696
2Q3G,A:B,-11.99445059
2Q3Y,A:B,-9.743663201
2Q7D,A:B,-8.772946957
2Q7N,B:A,-9.883446299
2Q8A,LH:A,-11.21327442
2Q8A,H:L,-20.67310414
2Q91,A:B,-17.85419509
2QA5,A:B,-10.7015112
2QAD,CD:AB,-10.71322085
2QAD,D:C,-17.81071456
2QC1,A:B,-13.43682351
2QC7,A:B,-9.956310624
2QCQ,A:B,-15.20229421
2QCW,A:B,-14.22482606
2QD0,A:B,-8.781882713
2QEP,A:B,-9.734228084
2QFZ,A:B,-8.358715381
2QG0,A:B,-10.48672961
2QHR,LH:P,-11.35526512
2QHR,H:L,-18.86341817
2QK4,A:B,-9.722548629
2QK5,A:B,-8.632967242
2QKI,ABC:G,-9.550663458
2QKQ,A:B,-8.807308368
2QME,A:I,-11.04201116
2QNJ,A:B,-9.244240682
2QOS,C:A,-11.07513805
2QQK,LH:A,-12.4815702
2QQK,H:L,-17.03149327
2QQN,LH:A,-12.86724586
2QQO,A:B,-9.911069031
2QQR,A:B,-11.30210465
2QS9,A:B,-10.11045268
2QSC,H:L,-19.92212133
2QSQ,A:B,-9.580991771
2QT7,A:B,-9.167844456
2QXG,A:B,-9.88364026
2QYK,A:B,-10.54492458
2QYP,A:B,-13.39177914
2R02,A:B,-10.5636592
2R0L,LH:AB,-13.5482742
2R0O,A:B,-8.59058384
2R0R,A:B,-8.491135716
2R2O,A:B,-9.571252297
2R2Q,A:B,-9.1523874
2R37,A:B,-9.494608271
2R4B,A:B,-8.643459276
2R55,A:B,-8.353246299
2R7E,A:B,-18.99994607
2R83,A:B,-9.736076114
2R9A,A:B,-18.97306128
2R9P,A:I,-9.081500207
2R9S,A:B,-9.743926608
2RA3,A:I,-9.081500207
2RA4,A:B,-14.1824861
2RAI,A:B,-18.7141534
2RAW,A:B,-10.42075458
2RB4,A:B,-9.740758181
2RCZ,A:B,-14.18566016
2RD0,A:B,-10.94561165
2RD7,A:C,-13.8398108
2RF9,A:C,-11.85807112
2RFN,A:B,-8.948602732
2RG8,A:B,-8.620508223
2RGI,A:B,-12.0131927
2SHP,A:B,-9.873322348
2SIC,E:I,-12.97040842
2SNI,E:I,-11.16240737
2TGP,Z:I,-12.32755863
2UUY,A:B,-11.66768426
2UZ8,A:B,-10.9323281
2UZI,LH:R,-11.76479304
2UZI,H:L,-11.95856975
2UZX,A:B,-12.2704683
2V1T,C:A,-10.59092233
2V5E,B:A,-11.14079772
2V5P,C:A,-9.081500207
2V62,A:B,-11.71609733
2V77,A:B,-10.72134253
2V7C,A:B,-10.02876114
2V7N,B:A,-16.07188997
2VC2,HL:AB,-13.84355945
2VC2,H:L,-22.01299654
2VDB,A:B,-10.79404652
2VHF,A:B,-10.11936183
2VIR,AB:C,-12.88709774
2VIS,AB:C,-13.09962125
2VNS,A:B,-10.910183
2VQ1,E:F,-16.94395499
2VRW,A:B,-12.27136789
2VSW,A:B,-12.42741079
2VSZ,A:B,-13.29436779
2VU8,E:I,-10.68876678
2VWE,CE:A,-13.01964473
2VXP,A:B,-9.062607016
2VXT,H:I,-10.80667158
2VZC,A:B,-9.155935103
2W10,A:C,-9.081500207
2W2P,PA:E,-11.12465146
2W50,A:B,-10.18621706
2W7R,A:B,-10.01418128
2W98,A:B,-9.573879998
2W9D,H:L,-17.73474642
2W9E,LH:A,-12.86701378
2WAL,A:B,-9.993502877
2WFN,A:B,-9.12039628
2WFT,A:B,-12.18249002
2WGH,A:B,-11.70637313
2WGP,A:B,-8.784293319
2WIM,A:B,-10.50841321
2WK6,A:B,-9.994873001
2WO1,A:B,-10.1538067
2WO2,A:B,-9.885349807
2WO3,A:B,-11.82923302
2WPT,A:B,-13.5963832
2WWX,A:B,-14.10634979
2X0G,A:B,-12.76975566
2X11,B:A,-12.12186972
2X19,A:B,-11.45268793
2X1W,A:L,-9.177794538
2X4W,A:B,-8.87899468
2XA8,H:L,-18.26956978
2XAC,A:C,-10.24479133
2XDG,A:B,-9.527142136
2XES,A:B,-10.14584077
2XG7,A:C,-12.03479855
2XIQ,A:B,-8.21578188
2XJY,A:B,-10.03732259
2XKN,B:A,-16.40464298
2XML,A:B,-11.14486594
2XN4,A:B,-12.12522167
2XN9,CDE:AB,-12.730627
2XQB,LH:A,-13.97728719
2XRA,H:L,-18.19529527
2XSS,A:B,-10.58158858
2XSW,A:B,-9.004072744
2XSX,A:B,-12.27529971
2XTC,A:B,-13.80332787
2XTM,A:B,-11.33122911
2XUE,A:B,-8.927170796
2XUM,S:A,-9.611256036
2XUS,A:B,-11.01635471
2XV5,A:B,-9.289589089
2XWT,BA:C,-13.54297467
2XWT,A:B,-15.85473833
2XXA,AF:B,-8.143500895
2XZA,H:L,-14.47566424
2Y0M,A:B,-10.90535672
2Y1H,A:B,-10.61763561
2Y1Z,A:B,-9.383102413
2Y36,HL:P,-10.26505998
2Y3I,A:D,-9.329341543
2Y43,A:B,-12.79671539
2Y4I,B:C,-9.745149759
2Y5C,A:B,-8.602614891
2Y5T,AB:EF,-9.449928959
2Y5T,A:B,-19.69977749
2Y6S,CD:P,-11.2295954
2Y6S,D:C,-16.04434178
2Y6W,A:B,-13.30339874
2Y7Q,B:A,-10.64822345
2Y8G,A:B,-11.66203241
2Y96,A:B,-12.2159317
2Y9Q,A:B,-11.64326107
2YBF,A:B,-12.38492387
2YBX,A:B,-11.22764496
2YD7,A:B,-11.16886247
2YEM,A:B,-10.0554313
2YG2,A:B,-8.63020441
2YGG,A:B,-9.376271653
2YGW,A:B,-14.83355833
2YHN,A:B,-10.91088692
2YK1,H:L,-18.21635365
2YKT,A:B,-11.03922322
2YL2,A:B,-8.72896097
2YLE,A:B,-8.747160076
2YPD,A:B,-9.616517711
2YPL,ABC:DE,-13.02856524
2YPR,A:B,-11.33578111
2YVR,A:B,-9.459597908
2Z0D,A:B,-11.32014011
2Z0U,A:B,-12.423573
2Z0V,A:B,-15.01167912
2Z31,CDP:AB,-11.81018107
2Z3Q,A:B,-9.774803639
2Z4Q,B:A,-20.0918777
2Z5D,A:B,-9.640316593
2Z5E,A:B,-11.13967677
2Z5F,A:B,-8.16366112
2Z64,C:A,-10.96154644
2Z7F,E:I,-12.15919833
2Z8W,A:C,-9.099637239
2Z91,A:B,-17.76016248
2ZCH,LH:P,-10.74045527
2ZEJ,A:B,-13.18824017
2ZFU,A:B,-9.518460848
2ZHX,A:B,-11.05822873
2ZIX,A:B,-13.1378643
2ZKH,H:L,-17.73458836
2ZMF,A:B,-15.00226324
2ZMV,A:B,-11.97238781
2ZN9,A:B,-16.69530759
2ZOC,A:B,-9.081500207
2ZOQ,A:B,-8.283443601
2ZOU,A:B,-8.638067574
2ZPK,H:L,-15.09729413
2ZSH,B:A,-11.0346985
32C2,B:A,-19.06931512
3A33,A:B,-9.442213046
3A4U,A:B,-10.83216221
3A60,A:B,-11.70053628
3A7G,A:B,-9.007917517
3A8W,A:B,-9.019766832
3AB0,CB:A,-11.81233629
3AB0,B:C,-14.31559063
3ABE,C:Z,-10.17829196
3ABH,A:B,-20.37027134
3AGX,A:B,-14.07423717
3AIH,A:B,-9.13574619
3AJ4,A:B,-9.571521372
3AJB,A:B,-9.638891211
3AJM,A:B,-9.806599763
3ALP,A:B,-9.872584684
3ALQ,A:R,-11.9036877
3ANS,A:B,-11.92322155
3APB,A:B,-9.194757324
3APU,A:B,-13.47183
3AQF,A:B,-12.39794949
3AQG,A:B,-8.655782566
3AU4,A:B,-10.49813356
3AU5,A:B,-9.370921028
3AY4,A:C,-11.36838265
3AYA,A:B,-10.60673782
3B0O,A:B,-8.842688995
3B0W,A:B,-9.071780959
3B2U,LH:A,-14.43896767
3B6U,A:B,-10.33788662
3B6V,A:B,-9.274746371
3B6Y,A:B,-8.908847239
3B76,A:B,-12.72650773
3B7B,A:B,-9.140023817
3B7Y,A:B,-9.237513082
3B8Z,A:B,-8.834621699
3BC3,A:B,-9.143844362
3BE8,A:B,-8.932247209
3BEJ,E:A,-9.261299882
3BES,L:R,-11.20991796
3BFX,A:B,-8.176199668
3BHD,A:B,-9.539081989
3BIS,A:B,-7.966576459
3BJ4,A:B,-9.344256693
3BLH,A:B,-10.08035447
3BLJ,A:B,-13.41853268
3BO8,B:AC,-11.43205618
3BOW,AB:C,-11.13278782
3BP8,AB:C,-10.92802507
3BPO,A:BC,-10.67880516
3BQD,A:B,-9.186299935
3BQO,A:B,-9.027908671
3BRT,B:A,-12.36709955
3BS9,A:B,-8.655986422
3BTR,C:B,-10.06909124
3BUK,A:C,-9.125553395
3BUR,A:B,-8.814496599
3BX1,A:D,-10.32480915
3BXW,B:A,-9.667085276
3BZ4,B:A,-16.34168027
3BZD,A:B,-10.272595
3C08,H:L,-17.60828819
3C0G,A:B,-8.787936752
3C2A,LH:P,-11.41319297
3C59,A:B,-9.99861687
3C5R,A:B,-9.61698965
3C6G,A:B,-8.785107015
3CB2,A:B,-10.07858674
3CBJ,A:B,-11.25954605
3CBX,A:B,-14.07062477
3CEG,A:B,-10.00281261
3CEQ,A:B,-11.70270728
3CEY,A:B,-10.75354531
3CFB,H:L,-17.75856767
3CFD,H:L,-17.5088249
3CH5,A:B,-9.868535698
3CI9,A:B,-9.113079742
3CIK,BG:A,-11.17701747
3CKI,A:B,-15.04190716
3CLE,H:L,-18.33140606
3CMO,H:L,-19.85864908
3CNK,A:B,-9.072944389
3COK,A:B,-11.22807944
3COM,A:B,-9.019331959
3CPF,A:B,-11.31868693
3CPH,G:A,-10.01316057
3CPJ,B:G,-10.79596055
3CQC,A:B,-11.21362293
3CQU,A:C,-10.72782782
3CSY,AB:IJ,-12.66841448
3CSY,A:B,-16.47279012
3CU7,A:B,-8.876357738
3CVI,H:L,-17.60346131
3CZR,A:B,-17.5272843
3CZU,B:A,-11.37715742
3CZU,A:B,-11.37460732
3CZV,A:B,-9.171588378
3D0Y,A:B,-11.94398399
3D24,B:A,-10.37367662
3D32,C:A,-10.47364826
3D34,A:B,-12.95212892
3D36,A:C,-9.999104771
3D3L,A:B,-8.665198368
3D3M,A:B,-9.571808965
3D48,P:R,-10.87585006
3D4J,A:B,-10.92536849
3D4U,A:B,-11.63480578
3D59,A:B,-8.407648423
3D5O,A:F,-10.08932013
3D7C,A:B,-9.956740841
3D7T,A:B,-9.846987439
3D85,AB:CD,-12.04875643
3D85,B:A,-15.69848283
3D8B,A:B,-10.8919817
3D8D,A:B,-9.877498751
3D9I,A:B,-10.96604703
3DAD,A:B,-8.826935124
3DAL,A:B,-11.02678027
3DAR,A:B,-9.508531086
3DAX,A:B,-12.79156677
3DB5,A:B,-8.902256294
3DCT,A:B,-9.159815529
3DDC,A:B,-11.67780562
3DEM,A:B,-15.00495694
3DIF,B:A,-18.83234175
3DLJ,A:B,-19.22519237
3DOE,A:B,-9.534545187
3DPL,C:R,-11.17740068
3DRB,A:B,-10.23802281
3DVE,A:B,-10.20815002
3DWD,A:B,-11.79219573
3DWY,A:B,-9.174005522
3DYD,A:B,-19.56948231
3E0L,A:B,-17.20590227
3E17,A:B,-11.87334837
3E1Z,B:A,-11.14344445
3E2K,A:C,-9.081500207
3E3E,A:B,-8.493742351
3E4E,A:B,-8.887740754
3E73,A:B,-9.082709749
3E7O,A:B,-9.223986212
3E8U,H:L,-16.90887566
3EAE,A:B,-8.982447283
3EBA,A:B,-10.5698874
3ECI,A:B,-10.2226078
3ECN,A:B,-9.428061335
3ECR,A:B,-8.982106347
3EDV,A:B,-8.208382837
3EE2,A:B,-14.15898117
3EE6,A:B,-10.39927967
3EGB,A:B,-10.67856153
3EHQ,A:B,-9.473528343
3EI3,A:B,-13.67126197
3ENB,A:B,-8.943299861
3ENP,A:B,-12.6645391
3EO0,B:A,-18.49420787
3EO1,AB:C,-10.96165641
3EO9,H:L,-17.75353632
3EOP,A:B,-11.23128383
3EP0,A:B,-10.04847702
3EPP,A:B,-10.95325785
3EPY,A:B,-14.84196798
3EPZ,A:B,-9.483037847
3EQ6,A:B,-9.071893228
3EQS,A:B,-11.70173247
3ETO,A:B,-11.87259628
3EU7,A:X,-10.07774833
3EVI,A:B,-8.743090767
3EVS,B:C,-9.601378969
3EW3,A:B,-10.88578223
3EWS,A:B,-10.64849299
3EWT,A:E,-11.06456774
3EWV,A:E,-8.477976641
3EXI,A:B,-16.07606358
3EYL,A:B,-13.01746226
3EZQ,B:A,-9.322419283
3F1N,A:B,-11.98695411
3F1N,A:B,-11.98854191
3F1R,A:B,-10.07534877
3F1S,A:B,-10.8703578
3F31,A:B,-10.24152965
3F3S,A:B,-23.54941558
3F57,A:B,-8.129843599
3F6Q,A:B,-11.00300887
3F6U,H:L,-12.37758969
3F8U,A:B,-12.30958674
3FB2,A:B,-7.170238144
3FBK,A:B,-9.503130161
3FCL,A:B,-9.654759196
3FCX,A:B,-10.09511654
3FD5,A:B,-14.26039441
3FDW,A:B,-9.974669282
3FE2,A:B,-8.667823034
3FE4,A:B,-11.44395821
3FEO,A:B,-8.611877355
3FF8,A:C,-11.23766222
3FFD,BA:P,-11.59715704
3FFN,A:B,-10.83202065
3FG7,A:B,-8.16660788
3FGQ,A:B,-10.47631111
3FJU,A:B,-10.72470168
3FLV,A:B,-10.6488397
3FMZ,A:B,-9.278743975
3FN0,H:L,-15.89019573
3FN1,A:B,-9.67134014
3FNV,A:B,-9.662984788
3FO0,H:L,-17.8609165
3FO5,A:B,-11.36094803
3FO9,H:L,-20.46857702
3FQ4,A:B,-8.845659173
3FQH,A:B,-9.277169402
3FRT,A:B,-8.684526279
3FRU,B:A,-12.02153856
3FSH,A:C,-9.182878694
3FVS,A:B,-13.11081109
3FWQ,A:B,-8.537988714
3FX0,A:B,-9.79231025
3FXI,C:A,-11.55623754
3FY1,A:B,-11.84186177
3FY7,A:B,-8.320853504
3FZU,H:L,-14.31525886
3G04,AB:C,-12.46240773
3G04,B:A,-17.35587597
3G0J,A:B,-9.146293997
3G1N,A:B,-8.369567074
3G4E,A:B,-9.363985195
3G5C,A:B,-8.945785215
3G5V,AB:C,-11.46386658
3G5V,B:A,-16.48530761
3G6A,H:L,-15.27352808
3G6D,LH:A,-9.934060629
3G9V,B:A,-10.18541251
3GA1,A:B,-13.23258328
3GB8,A:B,-12.94345407
3GBN,HL:AB,-11.58100448
3GBN,H:L,-14.47123963
3GC8,A:B,-9.001997719
3GCG,A:B,-12.07403349
3GCU,A:B,-11.15486707
3GG3,A:B,-9.571243334
3GGF,A:B,-8.866906922
3GHE,LH:P,-11.56376311
3GHE,H:L,-17.69003419
3GI8,LH:C,-12.39723048
3GI8,H:L,-20.13371689
3GI9,LH:C,-12.23589002
3GID,A:B,-10.78571178
3GIX,A:B,-10.56057089
3GIZ,H:L,-16.25619724
3GJ0,A:B,-9.208118118
3GJE,H:L,-16.58921392
3GK8,H:L,-19.60303589
3GKW,H:L,-16.00206265
3GMW,A:B,-13.33956609
3GN8,C:A,-8.920266553
3GNI,A:B,-10.0702261
3GNM,H:L,-17.22213801
3GOV,A:B,-13.17409211
3GPD,R:G,-14.21004961
3GQI,A:B,-11.20318955
3GRO,A:B,-9.286516661
3GSN,LAB:HP,-12.98975468
3GUC,A:B,-12.07165888
3GXB,A:B,-8.944866383
3GYT,B:A,-9.583251436
3GZC,A:B,-16.19510126
3H0T,B:A,-16.80953282
3H3B,A:C,-14.11053944
3H42,LH:AB,-16.13921288
3H42,H:L,-16.65835244
3H53,A:B,-10.47371426
3H7H,A:B,-10.60775629
3H82,A:B,-12.68515831
3H82,B:A,-12.67572775
3H8K,A:B,-9.561501365
3H8M,A:B,-9.833617346
3H8Q,A:B,-8.795391865
3H9E,O:P,-9.300462792
3H9R,A:B,-9.443163402
3HAH,A:B,-21.33555414
3HB3,CD:AB,-12.73697669
3HBW,A:B,-11.23943573
3HC0,L:H,-16.32468626
3HCS,A:B,-9.059021362
3HEQ,A:B,-10.80718714
3HFH,A:B,-9.091692967
3HG1,ABC:DE,-9.127704899
3HI1,LH:G,-14.30419104
3HI5,H:L,-16.72345161
3HI6,LH:A,-13.87946454
3HI7,A:B,-24.90463499
3HIL,A:B,-11.86432595
3HJU,A:B,-10.01585889
3HKV,A:B,-10.32195902
3HLK,A:B,-8.727677901
3HLT,A:C,-8.731282397
3HME,A:B,-11.5457412
3HMW,H:L,-18.42891835
3HMX,LH:AB,-11.85622729
3HNS,H:L,-17.69766885
3HOB,M:A,-9.585689714
3HQR,A:S,-10.33129156
3HR0,A:B,-17.2111243
3HU3,A:B,-9.130562204
3HVE,A:B,-9.331353597
3I00,A:B,-9.248799937
3I1H,A:B,-9.731551268
3I2C,H:L,-18.85451591
3I3N,A:B,-18.97830261
3I6C,A:B,-8.884247688
3I6U,A:B,-14.8290018
3I75,A:B,-18.05117805
3I84,A:B,-10.31869403
3I97,A:B,-9.006247521
3I9G,H:L,-15.36424723
3IA8,A:B,-13.08167314
3IBJ,A:B,-21.32380032
3IDX,LH:G,-9.795421436
3IDX,H:L,-15.73523046
3IET,B:A,-16.89024647
3IEZ,A:B,-8.645753947
3IF8,A:B,-25.28660941
3IFN,H:L,-20.43083467
3IFW,A:B,-8.994184715
3IHL,A:B,-8.896461574
3IKK,A:B,-11.48157134
3IMA,A:B,-11.68265886
3IOJ,A:B,-11.48778826
3IOL,A:B,-9.986505782
3IPQ,A:B,-8.902603255
3IQ2,A:B,-9.492749844
3IR2,A:B,-11.0300197
3IU1,A:B,-9.10692417
3IU3,BA:I,-9.081500207
3IU3,A:B,-19.04654711
3IU4,H:L,-17.05893435
3IUC,A:C,-9.708853923
3IUG,A:B,-9.680884099
3IUY,A:B,-10.82072934
3IVB,A:M,-10.19103464
3JT0,A:B,-11.03869816
3JUE,A:B,-9.705245139
3JUS,A:B,-8.896096741
3JVF,A:C,-9.16074017
3JXF,A:B,-9.510588802
3K1R,A:B,-12.02875582
3K2A,A:B,-9.094362973
3K2I,A:B,-9.83530084
3K2J,A:B,-11.52875265
3K2O,A:B,-12.55653639
3K2U,LH:AB,-13.62427435
3K3Q,A:BC,-8.926324667
3K51,A:B,-11.57571428
3K5K,A:B,-11.35745463
3K9J,A:B,-10.00612443
3KCZ,A:B,-8.470124166
3KDM,H:L,-19.9979152
3KEX,A:B,-8.724298644
3KFQ,A:C,-8.629513525
3KG5,A:B,-11.96384713
3KH0,A:B,-8.349749936
3KHF,A:B,-12.16132468
3KJN,A:B,-15.10741344
3KL8,A:B,-9.024467791
3KMR,A:C,-9.205556938
3KMU,A:B,-10.17923091
3KN5,A:B,-9.387942178
3KNB,A:B,-9.404805141
3KR3,LH:D,-13.4621713
3KR8,A:C,-9.769849809
3KS9,A:B,-9.946487993
3KTP,A:B,-9.152742611
3KTR,A:B,-8.64259439
3KUJ,A:B,-9.133274154
3KUL,A:B,-10.71777036
3KUZ,A:B,-12.05198381
3KV4,A:B,-10.45129952
3KV5,D:A,-9.160648992
3KVO,A:B,-13.26932671
3KXC,A:C,-9.76366871
3KY9,A:B,-8.583861938
3KYK,H:L,-17.56931824
3L0B,A:B,-9.287898632
3L0E,A:B,-8.606732612
3L0J,A:C,-9.005622716
3L15,A:B,-8.827207283
3L2O,A:B,-14.72362836
3L46,A:B,-9.428529284
3L4C,A:B,-9.501356761
3L5J,A:B,-11.35113383
3L7E,H:L,-15.77479169
3L82,A:B,-11.99007016
3L9Q,A:B,-13.16815214
3LAQ,A:U,-12.67335978
3LB6,AB:CD,-11.90700072
3LBX,A:B,-11.24820315
3LD8,BC:A,-14.65032699
3LD8,C:B,-19.82590102
3LEX,H:L,-17.85451869
3LF5,A:B,-8.327984785
3LGD,A:B,-9.98914555
3LHR,A:B,-11.75777903
3LII,A:B,-9.337584734
3LIZ,LH:A,-12.05548422
3LIZ,H:L,-17.91793774
3LJB,A:B,-10.91987233
3LJW,A:B,-9.875024973
3LKX,A:B,-9.714361209
3LL6,A:B,-15.85127795
3LLH,A:B,-9.472646669
3LLM,A:B,-9.760128429
3LMJ,H:L,-17.69044865
3LMK,A:B,-9.324312277
3LMN,A:B,-10.60313833
3LMS,A:B,-11.63384938
3LPY,A:B,-10.89670895
3LQ9,A:B,-11.21043802
3LQC,A:B,-10.75285424
3LQZ,A:B,-18.05524717
3LRE,A:B,-8.830190641
3LRS,H:L,-15.44338335
3LS4,H:L,-19.91660114
3LS8,A:B,-9.535068541
3LTF,D:A,-9.081500207
3LTL,A:B,-8.451919196
3LWE,A:B,-10.92003223
3LXR,A:F,-12.56736573
3LY5,A:B,-8.583792693
3LYI,A:B,-8.886329378
3M0A,D:A,-9.083745577
3M1D,A:B,-10.46745045
3M1N,A:B,-9.205020703
3M52,A:B,-12.94764249
3M5B,A:B,-9.081500207
3M8O,H:L,-19.41964147
3MA2,D:B,-9.567181322
3MA9,LH:A,-12.13493446
3MA9,H:L,-16.61992318
3MBX,H:L,-20.9356459
3MCB,A:B,-9.493643469
3MCF,A:B,-8.986328293
3MCL,H:L,-15.71585619
3MDR,A:B,-8.625746819
3MDY,B:A,-10.2044471
3ME2,A:R,-10.55054411
3MGM,A:B,-11.03643126
3MJ7,A:B,-10.87329201
3MJ8,H:L,-16.27539698
3MJ9,LH:A,-13.37387382
3MJG,A:X,-9.512770428
3MLR,LH:P,-10.44864338
3MLR,H:L,-18.35663841
3MLW,LH:P,-10.6469706
3MLW,H:L,-15.9658971
3MLX,LH:P,-12.21432447
3MLX,H:L,-15.63733336
3MNW,AB:P,-11.90178576
3MNW,B:A,-15.5363188
3MQM,A:B,-10.64299616
3MQP,A:B,-11.58991459
3MSX,A:B,-11.72488136
3MTF,A:B,-9.921746482
3MTG,A:B,-17.32534949
3MTR,A:B,-12.95484133
3MUJ,A:B,-11.32331788
3MWD,A:B,-13.79445195
3MXN,A:B,-11.96190575
3MXO,A:B,-10.10674381
3MXW,LH:A,-11.25800763
3MXW,H:L,-18.60298399
3N00,A:B,-10.93679667
3N3F,A:B,-9.205102986
3N3K,A:B,-10.78926721
3N5N,X:Y,-8.322398707
3N7R,C:A,-9.462501982
3N85,LH:A,-14.64597031
3N8E,A:B,-8.733483788
3N9G,H:L,-19.20259396
3N9V,A:B,-10.79284363
3NA9,H:L,-19.81150958
3NAR,A:B,-12.5765182
3NAU,A:B,-15.3910461
3NAY,A:B,-10.53953999
3NBV,A:B,-15.72178857
3NC1,C:A,-11.44286657
3NER,A:B,-9.213383674
3NFK,C:A,-9.250489275
3NKV,A:B,-8.420742481
3NMN,B:A,-10.8783266
3NMS,ACB:M,-10.72706583
3NMT,B:A,-11.57011544
3NMV,B:A,-10.63868071
3NMW,A:B,-9.484577922
3NN8,A:B,-13.52271839
3NO8,A:B,-10.55380701
3NOI,A:B,-10.02105166
3NQJ,A:B,-11.27094778
3NR1,A:B,-8.85571158
3NR2,A:B,-12.6947679
3NR8,B:A,-8.840132756
3NRX,A:B,-9.6087678
3NTC,H:L,-17.1897783
3NW0,B:A,-11.07186018
3NY1,A:B,-9.546992332
3NZH,H:L,-19.50728929
3O0R,LH:BC,-11.62299025
3O0R,H:L,-20.03271417
3O2D,LH:A,-14.37542404
3O2D,H:L,-17.73049017
3O2S,A:B,-11.77913616
3O41,LH:P,-11.19779631
3O41,H:L,-17.20563728
3O4L,ABC:DE,-10.54963316
3O4O,A:CB,-12.43675214
3O5D,A:B,-11.50263691
3O5Z,A:B,-8.828960157
3O6K,H:L,-17.14068592
3O8Y,A:B,-8.469310336
3OAU,H:L,-16.3276863
3OCP,A:B,-10.76416858
3ODO,A:B,-10.06469886
3OE0,I:A,-10.99444676
3OJD,B:A,-17.16547827
3OJM,A:B,-12.3717138
3OLN,A:B,-10.34143725
3OMV,A:B,-9.982066934
3ONA,B:A,-9.474817188
3OOY,A:B,-18.80451877
3OP8,A:B,-8.770489839
3OPE,A:B,-9.309529039
3OSK,A:B,-14.90181128
3OTB,A:B,-16.61903135
3OVP,A:B,-11.17788539
3OXF,A:B,-9.310125137
3OZ9,H:L,-19.21464034
3OZD,A:B,-9.586374719
3P0C,A:B,-8.529614264
3P0G,B:A,-12.44877803
3P0U,A:B,-9.506157456
3P1X,A:B,-9.074396741
3P71,T:C,-11.81196327
3P8D,A:B,-16.13601411
3P8F,A:I,-11.45849136
3P95,A:E,-11.26353421
3PC7,A:B,-8.851766708
3PD7,A:B,-10.5641234
3PDY,A:B,-8.337607382
3PE0,A:B,-9.231999559
3PFS,A:B,-8.41590818
3PGF,LH:A,-16.29336835
3PH9,A:B,-8.754623624
3PHO,B:A,-17.01706765
3PIQ,H:L,-17.4595313
3PL6,AB:CD,-10.64576234
3PMR,A:B,-10.27218492
3PP0,A:B,-10.17625813
3PP2,A:B,-10.74700321
3PP3,H:L,-19.34824288
3PT3,A:B,-10.13545625
3PU3,A:B,-10.43484655
3Q0H,A:B,-8.79392208
3Q18,A:B,-10.90444335
3Q1S,LH:I,-10.92025277
3Q3G,CD:G,-12.34826796
3Q3G,D:C,-22.0826072
3Q3J,A:B,-10.41810109
3Q4T,A:B,-8.950519632
3Q5O,A:B,-8.468995328
3Q6F,B:A,-20.21637275
3Q6G,H:L,-16.06835528
3Q90,A:B,-10.27703776
3Q93,A:B,-9.714025977
3Q9Q,A:B,-8.904561341
3QB4,A:B,-11.18856794
3QCT,H:L,-17.81380154
3QE2,A:B,-8.675687637
3QEG,H:L,-17.04338557
3QEH,A:B,-16.62715809
3QEL,A:B,-13.01954951
3QF2,A:B,-8.372396104
3QFV,A:B,-16.90668508
3QG6,B:A,-17.60054375
3QG7,H:L,-17.203817
3QHF,H:L,-17.48011097
3QIB,ABP:CD,-10.75420071
3QIJ,A:B,-8.851147676
3QIS,A:B,-10.87272278
3QJ4,A:B,-8.885992573
3QLN,A:B,-9.427282891
3QM4,A:B,-9.398786008
3QN1,B:A,-11.71251084
3QO1,B:A,-16.69697225
3QOS,H:L,-18.103389
3QPX,H:L,-17.57238113
3QQ9,H:L,-15.76207604
3QQN,A:B,-10.0261098
3QWZ,A:B,-9.658979057
3QX1,A:B,-8.625786271
3QXL,A:B,-10.23818903
3QYE,A:B,-9.761378451
3R06,B:A,-18.49187598
3R1G,LH:B,-13.29740727
3R27,A:B,-9.031460853
3R62,A:B,-9.099874959
3R6N,A:B,-8.49590753
3RA7,H:L,-18.42408851
3RAP,R:S,-9.461945676
3RAU,A:B,-8.943581491
3RAW,A:B,-10.22097756
3RBF,A:B,-14.32791142
3RBN,A:B,-9.632066287
3RCO,A:B,-9.252659762
3RFE,A:B,-8.59050179
3RGF,A:B,-14.31558047
3RGH,A:B,-10.92805587
3RIB,A:B,-10.38992443
3RII,A:B,-8.765303898
3RJQ,B:A,-12.38785413
3RK6,A:B,-9.544446901
3RNY,A:B,-15.37327813
3RPI,H:L,-14.74849794
3RRU,A:B,-10.19553296
3RSW,A:B,-8.500590732
3RT0,A:C,-12.49639827
3RT3,B:C,-9.301142632
3RU8,LH:X,-12.83897296
3RVT,D:C,-18.69260885
3RVV,CD:A,-12.34643054
3S34,H:L,-16.14709637
3S35,LH:X,-10.7957641
3S35,H:L,-15.10419637
3S36,LH:X,-14.87885589
3S4R,A:B,-8.981524732
3S4Y,A:B,-11.48180602
3S5F,A:B,-10.7239946
3S62,H:L,-18.11100108
3S7R,A:B,-8.507961468
3S84,A:B,-15.00978097
3S8I,A:B,-13.17330491
3S8P,A:B,-9.189084389
3S93,A:B,-9.931343788
3S94,A:B,-9.08190235
3S95,A:B,-9.59455544
3S96,A:B,-15.67791222
3S97,C:A,-11.06016072
3S9D,A:B,-11.07698123
3S9G,A:B,-12.03082413
3SBY,A:B,-10.15894382
3SD4,A:B,-9.119896249
3SDE,A:B,-11.42983754
3SDY,HL:AB,-11.77172269
3SDY,H:L,-18.36971997
3SE3,B:AC,-15.18993597
3SE6,A:B,-8.002423167
3SE8,LH:G,-9.68864635
3SE8,H:L,-16.49734605
3SEA,A:B,-9.56455002
3SEI,A:B,-9.775921133
3SFV,A:B,-12.62099933
3SGB,E:I,-10.44846609
3SGD,H:L,-17.31909358
3SHU,A:B,-10.14086665
3SIP,AB:E,-9.857869058
3SLS,A:B,-8.724024531
3SMI,A:B,-10.6951062
3SO3,BC:A,-13.97076625
3SO6,Q:A,-12.05910713
3SOP,A:B,-8.421711212
3SOX,A:B,-12.49742563
3SSB,A:CI,-9.989195972
3STB,A:CD,-11.82505791
3SU8,A:X,-10.50750766
3SVM,A:P,-10.02561831
3SWK,A:B,-7.256671406
3SXR,A:B,-11.18310636
3SZA,A:B,-19.547468
3T2N,LH:A,-11.35443514
3T2N,H:L,-14.28145165
3T5D,A:C,-11.36090789
3T5X,A:B,-10.65459928
3T7M,A:B,-14.75245317
3TAC,A:B,-14.27709406
3TCL,H:L,-19.1663971
3TJE,LH:F,-12.80936855
3TJE,H:L,-17.17787908
3TKJ,A:B,-14.3591991
3TL8,B:A,-9.63229989
3TLP,A:B,-8.608240218
3TNF,A:B,-10.61059888
3TNM,H:L,-16.69708441
3TNN,H:L,-15.7729804
3TNU,A:B,-13.99134409
3TON,A:B,-9.581063308
3TRT,A:B,-18.4219305
3TSZ,A:B,-11.50344273
3TV0,A:B,-11.57228702
3TV3,H:L,-15.40822057
3TVJ,AB:I,-11.42772443
3TWQ,A:B,-10.0334117
3TX7,A:B,-11.40927442
3TYG,LH:A,-10.25821977
3TYY,A:B,-15.00303641
3TZD,A:T,-9.76496935
3U0T,CD:E,-11.64822866
3U0W,H:L,-15.00745293
3U11,A:B,-8.558409027
3U12,A:B,-9.524350311
3U1J,AB:E,-11.2832654
3U1S,H:L,-17.19849185
3U1U,A:B,-8.623572892
3U21,A:B,-9.819342391
3U23,A:B,-8.906992257
3U36,H:L,-15.57375418
3U6R,H:L,-12.29415868
3U73,U:A,-12.99555677
3U7U,G:A,-13.56386804
3U7W,H:L,-18.83336147
3U82,A:B,-11.27223786
3U9J,A:B,-10.59322416
3UA5,A:B,-8.867866607
3UBX,H:L,-20.03872177
3UC0,LH:A,-10.98216078
3UC0,H:L,-16.85728405
3UCT,A:B,-8.450711426
3UDD,A:B,-8.060931112
3UDW,C:A,-13.2639544
3UFN,A:B,-8.943137257
3UIU,A:B,-10.17308388
3UJI,LH:P,-12.37193349
3UJI,H:L,-17.2718535
3UJJ,LH:P,-10.68475156
3UJJ,H:L,-18.54884106
3UJT,H:L,-15.97488964
3ULS,H:L,-20.40090153
3ULY,A:B,-9.958311884
3UM7,A:B,-14.45253642
3UMZ,A:B,-9.817826412
3UP0,A:P,-8.655216581
3UP1,A:B,-10.82268184
3UUN,A:B,-11.99059054
3UV4,A:B,-9.413365902
3UVW,A:B,-9.842436104
3UX3,A:B,-15.2754198
3UXG,A:B,-11.98975417
3UYJ,A:B,-12.4896976
3UYR,H:L,-20.73721422
3UZP,A:B,-8.501606047
3V0V,H:L,-17.29518765
3V2A,A:R,-9.487423986
3V2O,A:B,-11.02293926
3V32,B:A,-8.784517993
3V3E,B:A,-10.21356405
3V3L,A:B,-8.747925678
3V42,A:B,-11.7728979
3V4V,HL:AB,-10.60781935
3V4V,H:L,-19.75020031
3V4Y,A:B,-11.18847073
3V5Q,A:B,-8.906611397
3V6B,A:R,-10.59001364
3V6F,A:B,-20.42575952
3V70,A:B,-8.183668192
3V7A,FG:A,-9.081500207
3V7A,F:G,-18.97062648
3V96,A:B,-15.18257047
3VA2,A:C,-8.977930026
3VE0,AB:IJ,-11.98114237
3VFG,H:L,-21.99655924
3VHS,A:B,-13.27604711
3VJA,A:B,-9.830611454
3VM8,A:B,-9.626432652
3VOQ,A:B,-9.403859514
3VPP,A:B,-10.43500415
3VWK,AB:CD,-11.00365947
3W11,CD:ABEF,-12.78046427
3W11,C:D,-12.7489343
3ZIA,HAGIE:J,-10.92576749
3ZQS,A:B,-10.30617954
3ZTN,HL:AB,-11.8546634
3ZTN,H:L,-15.13107887
3ZW5,A:B,-10.86678215
3ZWF,A:B,-12.78326985
3ZYG,A:B,-10.58187696
3ZYW,A:B,-9.872916674
3ZZW,A:B,-11.90558473
43C9,B:A,-12.76242928
4A27,A:B,-11.18740036
4A49,A:B,-10.63634638
4A4I,A:B,-9.627971286
4A4P,A:B,-8.667672088
4A69,A:C,-12.8623022
4A94,A:C,-9.081500207
4AE4,A:B,-14.63900788
4AEH,H:L,-19.18592054
4AEI,LH:A,-14.0392554
4AEI,H:L,-17.93178763
4AF3,A:D,-13.28391126
4AHD,A:B,-10.10119356
4AKM,A:B,-9.421551409
4AKV,A:B,-17.27958901
4AOT,A:B,-10.24163803
4AP2,A:B,-13.01717866
4AP5,A:B,-13.74481513
4APC,A:B,-12.01267136
4APJ,A:P,-10.35321539
4AY9,AB:X,-11.27707316
4AYA,A:B,-13.85208114
4AYC,A:B,-11.09165587
4AYZ,A:B,-9.057777826
4AZ9,A:B,-10.48026919
4B4S,A:B,-10.9035869
4B5P,A:B,-9.006694191
4B8W,A:B,-11.46206494
4B90,A:B,-11.037519
4BBM,A:B,-10.29409303
4BBQ,A:B,-9.079046337
4BD2,A:C,-8.75266139
4CPA,A:I,-12.20594619
4D90,A:B,-13.77501032
4D9L,H:L,-17.54871181
4D9Q,DE:A,-9.081500207
4D9Q,H:L,-15.73664987
4DAG,LH:A,-11.05174936
4DAG,H:L,-19.26509555
4DB1,A:B,-8.807999491
4DBG,A:B,-10.82524302
4DCE,A:B,-10.18126411
4DCQ,B:A,-15.55531422
4DFH,A:B,-12.99941671
4DGV,LH:A,-10.46642494
4DGV,H:L,-20.29242917
4DID,A:B,-11.86050547
4DIQ,A:B,-8.948256793
4DIR,A:B,-15.64439153
4DK3,A:C,-9.90424842
4DKC,A:B,-10.65376696
4DKX,A:B,-9.354035468
4DLO,A:B,-10.63062151
4DM6,E:A,-9.198083061
4DMB,A:B,-10.95990577
4DN5,A:B,-10.62414627
4DRJ,A:B,-9.789447552
4DW2,HL:U,-16.60601751
4DWF,A:B,-9.56146696
4DWN,A:B,-9.67584199
4DX1,A:B,-9.081500207
4DXR,A:B,-11.01308381
4DY0,A:B,-11.15293023
4DZO,A:B,-16.6690094
4E4D,X:R,-10.80244037
4E4N,A:B,-8.707254162
4E6R,A:B,-8.852103514
4EBB,A:B,-8.978181078
4EBQ,H:L,-22.81877176
4EDE,A:B,-8.838976381
4EDJ,A:B,-8.205650504
4EDM,A:B,-9.125422545
4EF4,A:B,-12.3419391
4EFO,A:B,-10.02406004
4ENE,C:D,-19.03825665
4EOW,H:L,-16.77093013
4ERC,A:B,-8.529147239
4ERS,H:L,-17.45760104
4ESR,A:B,-9.776153665
4EWI,A:B,-8.751747857
4F0I,A:B,-9.118401549
4F14,A:B,-9.944243747
4F33,B:A,-15.67700829
4F7O,A:B,-9.598853987
4FAO,A:CE,-12.70186195
4FDI,A:B,-9.040740795
4FFY,LH:A,-10.88289243
4FFY,H:L,-13.41544648
4FG8,A:B,-10.36616271
4FL6,A:B,-14.29674715
4FLP,A:B,-9.888956468
4FMW,A:B,-9.688479284
4FNL,H:L,-16.38497034
4FQ1,H:L,-19.03211148
4FQ2,H:L,-21.98378867
4FQH,H:L,-15.37419553
4FQJ,LH:A,-14.05809229
4FQJ,H:L,-19.41470795
4FQL,H:L,-18.18639916
4FQQ,H:L,-18.89564384
4FU3,A:B,-10.21324835
4FWF,A:E,-10.56307091
4G1T,A:B,-20.00565941
4G5Z,H:L,-17.33259896
4G6A,DC:B,-12.16060125
4G6A,C:D,-19.49150129
4G6F,LH:P,-10.92405014
4G6F,H:L,-18.68435837
4G6K,H:L,-16.29195608
4G84,A:B,-13.25160759
4G8K,A:B,-10.38464149
4GA7,A:B,-11.40182425
4GAG,LH:P,-12.06981133
4GAG,H:L,-16.81139246
4GAH,A:B,-11.97741434
4GIW,A:B,-11.14536163
4GLL,A:B,-10.22574856
4GMS,H:L,-20.72101222
4GMV,A:B,-8.853001662
4GND,A:C,-8.991348573
4GOD,A:B,-13.585587
4GOW,D:A,-9.234498864
4GWM,A:B,-11.82041988
4GXV,H:L,-17.62588614
4H1S,A:B,-11.3196682
4H20,H:L,-20.41124931
4H6J,A:B,-12.38684711
4H87,A:B,-8.883369963
4HBC,H:L,-16.56362927
4HBQ,A:B,-12.07636892
4HFU,H:L,-17.63091159
4HK3,J:N,-15.64747476
4HOO,A:B,-9.456511475
4HOU,A:B,-9.640957108
4HPO,LH:P,-12.25582434
4HPO,H:L,-17.66905364
4HPY,LH:P,-10.86588082
4HPY,H:L,-15.75060075
4HVC,A:B,-17.19028499
4HW5,A:B,-8.592105626
4HX2,A:B,-12.31924828
4HX3,A:B,-12.04651958
4HY4,A:B,-10.66527901
4I1Q,A:B,-16.86717966
4I3R,LH:G,-9.597688861
4I3R,H:L,-20.00635645
4I5I,A:B,-10.95119451
4I6L,A:B,-10.01860036
4I77,H:L,-17.31168041
4IC2,A:B,-9.143696975
4IC8,A:B,-9.449458478
4IDN,A:B,-16.27763878
4IGG,A:B,-12.34641522
4IJD,A:B,-8.927771919
4SGB,E:I,-12.69277071
7FAB,H:L,-15.59599002
8FAB,B:A,-15.99703902
